Variable,Unit,n,Mean,SD,Min,P10,Q1 (P25),Median (P50),Q3 (P75),P90,Max,IQR,Skew
total_distance_km,km,3000,160.024,76.281,60.221,65.958,96.739,144.682,221.527,275.876,394.925,124.788,0.554
empty_distance_km,km,3000,112.771,81.943,0.0,0.0,54.353,98.023,171.404,239.572,302.008,117.051,0.487
loaded_distance_km,km,3000,47.254,65.144,0.0,0.0,0.0,0.0,72.146,136.299,310.678,72.146,1.6
detour_distance_km,km,3000,10.18,17.759,0.0,0.0,0.0,0.0,14.046,40.071,98.899,14.046,1.898
fuel_litres,L,3000,41.639,22.281,9.251,16.93,23.364,36.777,55.446,74.353,138.551,32.082,0.859
fuel_cost_inr,INR,3000,3747.482,2005.272,832.55,1523.73,2102.799,3309.891,4990.145,6691.758,12469.6,2887.346,0.859
waiting_time_hr,hours,3000,0.142,0.439,0.0,0.0,0.0,0.0,0.0,0.52,3.434,0.0,3.741
driving_time_hr,hours,3000,3.236,1.403,1.255,1.374,2.053,3.093,4.173,5.236,7.712,2.12,0.453
duty_time_hr,hours,3000,4.166,1.881,1.255,1.535,2.672,4.084,5.321,6.912,10.153,2.649,0.351
utilisation_weight_pct,%,3000,9.102,14.925,0.0,0.0,0.0,0.0,13.366,29.823,97.753,13.366,2.282
utilisation_distance_pct,%,3000,30.289,37.428,0.0,0.0,0.0,0.0,61.238,100.0,100.0,61.238,0.783
total_cost_inr,INR,3000,7045.058,2294.437,3614.566,4435.386,5173.877,6600.241,8532.325,10420.475,16808.833,3358.448,0.777
net_cost_inr,INR,3000,5339.107,2498.502,-2806.182,2304.479,3668.401,4972.859,6932.185,8946.989,13364.483,3263.784,0.403
co2_kg,kg,3000,111.592,59.713,24.791,45.373,62.617,98.561,148.595,199.266,371.317,85.979,0.859
