scenario_id,unmatched_reason,pct
S0_base,detour_exceeded,47.9
S0_base,lost_to_competing_truck,4.766666666666667
S0_base,matched,47.333333333333336
S10a_detour_15,lost_to_competing_truck,4.466666666666667
S10a_detour_15,matched,46.300000000000004
S10a_detour_15,no_shipment_in_pool,49.233333333333334
S10b_detour_50,lost_to_competing_truck,6.166666666666667
S10b_detour_50,matched,49.06666666666666
S10b_detour_50,no_shipment_in_pool,44.766666666666666
S1_low_avail,capacity,0.26666666666666666
S1_low_avail,detour_exceeded,71.13333333333334
S1_low_avail,lost_to_competing_truck,6.066666666666666
S1_low_avail,matched,22.53333333333333
S2_mod_avail,lost_to_competing_truck,4.533333333333333
S2_mod_avail,matched,47.5
S2_mod_avail,no_shipment_in_pool,47.96666666666667
S3_high_avail,detour_exceeded,28.46666666666667
S3_high_avail,lost_to_competing_truck,2.6
S3_high_avail,matched,68.93333333333334
S4_strict_dl,lost_to_competing_truck,4.9
S4_strict_dl,matched,43.0
S4_strict_dl,no_shipment_in_pool,52.1
S5_relaxed_dl,detour_exceeded,36.46666666666666
S5_relaxed_dl,lost_to_competing_truck,4.333333333333334
S5_relaxed_dl,matched,59.199999999999996
S6_low_util,lost_to_competing_truck,5.666666666666666
S6_low_util,matched,48.46666666666667
S6_low_util,no_shipment_in_pool,45.86666666666667
S7_high_util,lost_to_competing_truck,3.6333333333333337
S7_high_util,matched,42.833333333333336
S7_high_util,no_shipment_in_pool,53.53333333333333
S8_small_trucks,lost_to_competing_truck,4.433333333333334
S8_small_trucks,matched,46.93333333333333
S8_small_trucks,no_shipment_in_pool,48.63333333333333
S9_large_trucks,lost_to_competing_truck,5.533333333333333
S9_large_trucks,matched,49.4
S9_large_trucks,no_shipment_in_pool,45.06666666666666
