instance_id,threshold,n_candidates,n_kept,pruned_pct,obj_full,obj_pruned,gap_pct,ms_full,ms_pruned
80,0.0,98,98,0.0,141203.91,141203.91,0.0,12.896472999955222,7.514548000017385
80,0.02,98,61,37.755102040816325,141203.91,141388.51,0.13073292375544404,12.896472999955222,5.305008000050293
80,0.05,98,43,56.122448979591844,141203.91,148078.73,4.868717870489569,12.896472999955222,4.81973899991317
80,0.1,98,37,62.244897959183675,141203.91,148078.73,4.868717870489569,12.896472999955222,5.229179999787448
80,0.2,98,31,68.36734693877551,141203.91,151440.81,7.249728424659058,12.896472999955222,5.4272649999802525
80,0.3,98,22,77.55102040816327,141203.91,154039.88,9.090378587958364,12.896472999955222,4.633995999938634
80,0.5,98,16,83.6734693877551,141203.91,159579.12,13.013244463273,12.896472999955222,4.597825000018929
80,0.7,98,14,85.71428571428572,141203.91,159579.12,13.013244463273,12.896472999955222,4.110617000151251
81,0.0,194,194,0.0,150615.1,150615.1,0.0,9.283688999857986,10.54129399994963
81,0.02,194,114,41.23711340206185,150615.1,150615.1,0.0,9.283688999857986,8.255117999851791
81,0.05,194,64,67.01030927835052,150615.1,153770.07,2.0947235702130804,9.283688999857986,6.115756000099282
81,0.1,194,42,78.35051546391753,150615.1,156620.76,3.987422243852046,9.283688999857986,5.0282830000014656
81,0.2,194,27,86.08247422680412,150615.1,170407.31,13.140920133505864,9.283688999857986,4.742427000110183
81,0.3,194,19,90.20618556701031,150615.1,176733.68,17.341275874729682,9.283688999857986,4.7684369999387854
81,0.5,194,9,95.36082474226804,150615.1,204233.35,35.59951824219484,9.283688999857986,3.9067279999471793
81,0.7,194,2,98.96907216494846,150615.1,229927.65,52.659095933940215,9.283688999857986,3.946422000126404
82,0.0,86,86,0.0,168270.55,168270.55,0.0,6.200367000019469,5.053971000052115
82,0.02,86,65,24.418604651162788,168270.55,168270.55,0.0,6.200367000019469,5.8658170000853715
82,0.05,86,46,46.51162790697675,168270.55,168813.31,0.32255198547815367,6.200367000019469,4.7302030000082596
82,0.1,86,41,52.32558139534884,168270.55,168813.31,0.32255198547815367,6.200367000019469,4.040159999931348
82,0.2,86,26,69.76744186046511,168270.55,172494.25,2.510064892519821,6.200367000019469,4.629215000022668
82,0.3,86,23,73.25581395348837,168270.55,176452.22,4.862211480262003,6.200367000019469,3.8468490001832834
82,0.5,86,17,80.23255813953489,168270.55,183998.29,9.346697921888303,6.200367000019469,3.7042049998490256
82,0.7,86,12,86.04651162790698,168270.55,195431.37,16.141160767585305,6.200367000019469,4.549028999917937
83,0.0,184,184,0.0,126713.18,126713.18,0.0,7.729305000111708,8.086098000148922
83,0.02,184,111,39.67391304347826,126713.18,126713.18,0.0,7.729305000111708,5.634716000031403
83,0.05,184,79,57.065217391304344,126713.18,126713.18,0.0,7.729305000111708,6.575423999947816
83,0.1,184,53,71.19565217391303,126713.18,127162.68,0.3547381574671238,7.729305000111708,4.42076499984978
83,0.2,184,34,81.5217391304348,126713.18,130268.91,2.8061248245841597,7.729305000111708,5.08238799989158
83,0.3,184,27,85.32608695652173,126713.18,136182.91,7.473358335731146,7.729305000111708,5.375271999810138
83,0.5,184,16,91.30434782608697,126713.18,159963.87,26.240908798911054,7.729305000111708,4.872721999845453
83,0.7,184,7,96.19565217391303,126713.18,198079.03,56.32077894343747,7.729305000111708,4.2993309998564655
84,0.0,84,84,0.0,118503.53,118503.53,0.0,7.746344999986832,6.296800999962215
84,0.02,84,64,23.809523809523814,118503.53,118503.53,0.0,7.746344999986832,5.137611999998626
84,0.05,84,53,36.904761904761905,118503.53,118503.53,0.0,7.746344999986832,6.270738000011988
84,0.1,84,46,45.238095238095234,118503.53,118503.53,0.0,7.746344999986832,5.553752999958306
84,0.2,84,37,55.952380952380956,118503.53,119283.37,0.6580732236415207,7.746344999986832,5.236068999920462
84,0.3,84,29,65.47619047619048,118503.53,120805.36,1.9424147111904615,7.746344999986832,5.396806000135257
84,0.5,84,20,76.19047619047619,118503.53,126604.24,6.835838561096034,7.746344999986832,4.593510999939099
84,0.7,84,10,88.09523809523809,118503.53,162764.46,37.349883163817985,7.746344999986832,4.261304999999993
85,0.0,116,116,0.0,154003.25,154003.25,0.0,6.60127400010424,7.052826000062851
85,0.02,116,76,34.48275862068966,154003.25,154003.25,0.0,6.60127400010424,5.837293000013233
85,0.05,116,61,47.41379310344828,154003.25,154047.87,0.0289734145220931,6.60127400010424,6.117326000094181
85,0.1,116,51,56.03448275862068,154003.25,155470.63,0.9528240475444542,6.60127400010424,4.647132999934911
85,0.2,116,35,69.82758620689656,154003.25,160639.05,4.30887010501401,6.60127400010424,5.22081100007199
85,0.3,116,25,78.44827586206897,154003.25,166185.2,7.9101902070248595,6.60127400010424,4.8053830000753806
85,0.5,116,16,86.20689655172413,154003.25,167855.8,8.99497250869705,6.60127400010424,4.597522000040044
85,0.7,116,10,91.37931034482759,154003.25,189853.16,23.278671067006705,6.60127400010424,4.323239000086687
86,0.0,137,137,0.0,124078.75,124078.75,0.0,7.664722000072288,7.9522040000483685
86,0.02,137,94,31.386861313868607,124078.75,124078.75,0.0,7.664722000072288,5.787853000128962
86,0.05,137,76,44.52554744525548,124078.75,124078.75,0.0,7.664722000072288,6.986479999795847
86,0.1,137,51,62.77372262773723,124078.75,127036.93,2.3841149270120736,7.664722000072288,5.972788000008222
86,0.2,137,34,75.18248175182481,124078.75,131853.07,6.26563372052024,7.664722000072288,5.695062000086182
86,0.3,137,23,83.21167883211679,124078.75,145150.96,16.982932210390572,7.664722000072288,3.721509000115475
86,0.5,137,10,92.7007299270073,124078.75,184366.15,48.588013660679195,7.664722000072288,4.355292999889571
86,0.7,137,9,93.43065693430657,124078.75,185192.67,49.2541390044629,7.664722000072288,4.073423000136245
87,0.0,141,141,0.0,156535.57,156535.57,0.0,8.029500000020562,7.531026999913593
87,0.02,141,60,57.446808510638306,156535.57,156535.57,0.0,8.029500000020562,4.354051000063919
87,0.05,141,43,69.50354609929079,156535.57,163206.19,4.2614084453776195,8.029500000020562,4.46673000010378
87,0.1,141,35,75.177304964539,156535.57,166731.66,6.513593044699039,8.029500000020562,4.80688800007556
87,0.2,141,31,78.01418439716312,156535.57,172151.56,9.976000981757686,8.029500000020562,3.817346000005273
87,0.3,141,24,82.97872340425532,156535.57,172298.62,10.069947680262057,8.029500000020562,3.7453709999226703
87,0.5,141,17,87.94326241134752,156535.57,189522.23,21.072948467878582,8.029500000020562,3.322039000067889
87,0.7,141,14,90.0709219858156,156535.57,197425.22,26.121634846316397,8.029500000020562,4.272882000122991
88,0.0,206,206,0.0,102103.45,102103.45,0.0,8.422643999892898,8.286127000019405
88,0.02,206,92,55.33980582524271,102103.45,102103.45,0.0,8.422643999892898,6.78968000011082
88,0.05,206,65,68.44660194174756,102103.45,102103.45,0.0,8.422643999892898,4.95225700001356
88,0.1,206,46,77.66990291262135,102103.45,107315.61,5.104783432881067,8.422643999892898,5.54479800007357
88,0.2,206,27,86.89320388349515,102103.45,146643.32,43.62229679800243,8.422643999892898,5.567981000012878
88,0.3,206,23,88.83495145631069,102103.45,146783.63,43.759716248569475,8.422643999892898,5.048134999924514
88,0.5,206,13,93.68932038834951,102103.45,174514.16,70.9189650300749,8.422643999892898,4.572734000021228
88,0.7,206,9,95.63106796116504,102103.45,179239.28,75.54674205425968,8.422643999892898,4.57303499979389
89,0.0,134,134,0.0,141695.09,141695.09,0.0,7.850796999946397,7.664197999929456
89,0.02,134,75,44.029850746268664,141695.09,142643.52,0.6693457056274801,7.850796999946397,7.232960999999705
89,0.05,134,56,58.2089552238806,141695.09,142643.52,0.6693457056274801,7.850796999946397,6.281644999944547
89,0.1,134,45,66.4179104477612,141695.09,144519.83,1.9935341443376695,7.850796999946397,6.068755999876885
89,0.2,134,33,75.37313432835822,141695.09,149718.76,5.662630935200375,7.850796999946397,5.697041000075842
89,0.3,134,24,82.08955223880598,141695.09,155768.25,9.932002583858061,7.850796999946397,4.841675000079704
89,0.5,134,17,87.31343283582089,141695.09,166448.69,17.46962438853739,7.850796999946397,3.608528999848204
89,0.7,134,10,92.53731343283582,141695.09,188612.06,33.11121789752912,7.850796999946397,3.708451000193236
90,0.0,94,94,0.0,145083.74,145083.74,0.0,6.6964530001314415,6.749027000068963
90,0.02,94,61,35.1063829787234,145083.74,145083.74,0.0,6.6964530001314415,7.72896600005879
90,0.05,94,45,52.127659574468076,145083.74,145187.8,0.0717240953396967,6.6964530001314415,5.6465540001227055
90,0.1,94,37,60.63829787234043,145083.74,147211.29,1.4664289740532037,6.6964530001314415,5.98027999990336
90,0.2,94,22,76.59574468085107,145083.74,153823.65,6.024045147995222,6.6964530001314415,5.798249999998006
90,0.3,94,21,77.65957446808511,145083.74,153823.65,6.024045147995222,6.6964530001314415,5.109894000042914
90,0.5,94,15,84.04255319148936,145083.74,156889.57,8.137252320625327,6.6964530001314415,4.6758379999118915
90,0.7,94,10,89.36170212765957,145083.74,172107.24,18.62613963494462,6.6964530001314415,4.288582000071983
91,0.0,87,87,0.0,160959.98,160959.98,0.0,6.916919999866877,6.196084999828599
91,0.02,87,55,36.7816091954023,160959.98,160959.98,0.0,6.916919999866877,4.285643999992317
91,0.05,87,39,55.172413793103445,160959.98,161152.22,0.11943341444251589,6.916919999866877,5.7372480000594805
91,0.1,87,30,65.51724137931035,160959.98,163742.74,1.7288521034855868,6.916919999866877,4.939658000012059
91,0.2,87,22,74.71264367816092,160959.98,168474.13,4.668334327576329,6.916919999866877,4.707319000090138
91,0.3,87,21,75.86206896551724,160959.98,168474.13,4.668334327576329,6.916919999866877,4.724896999960038
91,0.5,87,16,81.60919540229885,160959.98,179999.11,11.828486807714548,6.916919999866877,4.255888999978197
91,0.7,87,12,86.20689655172413,160959.98,187967.6,16.77909005704399,6.916919999866877,4.239174999838724
92,0.0,65,65,0.0,161816.75,161816.75,0.0,5.884493000166913,4.289489000029789
92,0.02,65,48,26.15384615384615,161816.75,161816.75,0.0,5.884493000166913,5.202033999921696
92,0.05,65,40,38.46153846153846,161816.75,161816.75,0.0,5.884493000166913,5.165607999970234
92,0.1,65,36,44.61538461538461,161816.75,161816.75,0.0,5.884493000166913,4.758559000038076
92,0.2,65,28,56.92307692307692,161816.75,163527.04,1.0569301385672423,5.884493000166913,4.490956999916307
92,0.3,65,24,63.07692307692307,161816.75,163527.04,1.0569301385672423,5.884493000166913,4.601376999971762
92,0.5,65,19,70.76923076923076,161816.75,172538.0,6.6255501979863025,5.884493000166913,4.158229000040592
92,0.7,65,12,81.53846153846153,161816.75,179821.18,11.126431596234625,5.884493000166913,3.239547000021048
93,0.0,145,145,0.0,155662.84,155662.84,0.0,8.587360000092303,7.1367689999988215
93,0.02,145,69,52.41379310344827,155662.84,156227.75,0.3629061373928444,8.587360000092303,5.92813399998704
93,0.05,145,46,68.27586206896552,155662.84,156667.17,0.6451957320064419,8.587360000092303,7.520480000039242
93,0.1,145,36,75.17241379310344,155662.84,165596.84,6.381741461224785,8.587360000092303,5.523639000102776
93,0.2,145,26,82.06896551724138,155662.84,171288.15,10.03791913342966,8.587360000092303,4.859118000013041
93,0.3,145,18,87.58620689655172,155662.84,178308.21,14.547704513164476,8.587360000092303,4.458525000018199
93,0.5,145,9,93.79310344827586,155662.84,192197.64,23.47046989506296,8.587360000092303,5.0236820000009175
93,0.7,145,6,95.86206896551724,155662.84,200080.95,28.534819228532655,8.587360000092303,4.561899999998786
94,0.0,90,90,0.0,163986.02,163986.02,0.0,7.858123000005435,6.487024999842106
94,0.02,90,63,30.000000000000004,163986.02,163986.02,0.0,7.858123000005435,6.903276000002734
94,0.05,90,49,45.55555555555556,163986.02,163986.02,0.0,7.858123000005435,6.0577379999813274
94,0.1,90,39,56.666666666666664,163986.02,164065.91,0.04871756750972673,7.858123000005435,5.129161000013482
94,0.2,90,30,66.66666666666667,163986.02,168110.26,2.5149948757827163,7.858123000005435,4.990115000055084
94,0.3,90,22,75.55555555555556,163986.02,172525.48,5.207431706678424,7.858123000005435,4.969871999946918
94,0.5,90,15,83.33333333333334,163986.02,182125.15,11.06138803783396,7.858123000005435,4.486019000069064
94,0.7,90,8,91.11111111111111,163986.02,206721.61,26.060508084774547,7.858123000005435,4.411329000049591
95,0.0,124,124,0.0,145573.38,145573.38,0.0,8.507473000008758,7.319664999840825
95,0.02,124,67,45.96774193548387,145573.38,145573.38,0.0,8.507473000008758,5.417449000105989
95,0.05,124,48,61.29032258064516,145573.38,145647.47,0.05089529418084303,8.507473000008758,6.014325000023746
95,0.1,124,40,67.74193548387098,145573.38,145647.47,0.05089529418084303,8.507473000008758,4.1816820000804
95,0.2,124,29,76.61290322580645,145573.38,145647.47,0.05089529418084303,8.507473000008758,4.842191000079765
95,0.3,124,23,81.4516129032258,145573.38,153106.41,5.174730434918801,8.507473000008758,4.818909000050553
95,0.5,124,16,87.09677419354838,145573.38,179114.15,23.040455610771687,8.507473000008758,3.5764000001563545
95,0.7,124,10,91.93548387096774,145573.38,197180.28,35.45078090513526,8.507473000008758,4.659479000110878
96,0.0,186,186,0.0,133567.4,133567.4,0.0,9.895726999957333,9.19526699999551
96,0.02,186,98,47.31182795698925,133567.4,133567.4,0.0,9.895726999957333,6.313053999974727
96,0.05,186,63,66.12903225806453,133567.4,134043.34,0.3563294636266053,9.895726999957333,6.149964999849544
96,0.1,186,43,76.88172043010752,133567.4,143397.0,7.359280782586175,9.895726999957333,5.280399999946894
96,0.2,186,29,84.40860215053763,133567.4,153222.36,14.715387137879446,9.895726999957333,5.082091000076616
96,0.3,186,24,87.09677419354838,133567.4,158147.14,18.402499412281752,9.895726999957333,5.201781999858213
96,0.5,186,18,90.32258064516128,133567.4,167737.11,25.58237264482201,9.895726999957333,4.203593000056571
96,0.7,186,9,95.16129032258065,133567.4,184238.5,37.93672707561876,9.895726999957333,3.5672700000759505
97,0.0,116,116,0.0,115155.94,115155.94,0.0,7.609498999954667,6.862145000013697
97,0.02,116,74,36.206896551724135,115155.94,115155.94,0.0,7.609498999954667,6.53293800019128
97,0.05,116,58,50.0,115155.94,115236.66,0.07009625382763682,7.609498999954667,5.539211000041178
97,0.1,116,48,58.62068965517242,115155.94,116547.55,1.2084569845029276,7.609498999954667,5.594247000090036
97,0.2,116,41,64.65517241379311,115155.94,119455.26,3.7334765362516187,7.609498999954667,5.8617569998205
97,0.3,116,34,70.6896551724138,115155.94,119819.8,4.050038582464786,7.609498999954667,5.6127489999653335
97,0.5,116,24,79.3103448275862,115155.94,131756.36,14.41560027211795,7.609498999954667,4.888535999953092
97,0.7,116,15,87.06896551724138,115155.94,151325.76,31.409426209364458,7.609498999954667,4.329854999923555
98,0.0,91,91,0.0,143979.78,143979.78,0.0,6.927406999921004,5.963574999896082
98,0.02,91,62,31.868131868131865,143979.78,143979.78,0.0,6.927406999921004,5.306962000076965
98,0.05,91,51,43.956043956043956,143979.78,143979.78,0.0,6.927406999921004,5.585027999813974
98,0.1,91,47,48.35164835164834,143979.78,143979.78,0.0,6.927406999921004,5.17118999982813
98,0.2,91,34,62.637362637362635,143979.78,149545.73,3.865785876322364,6.927406999921004,5.234566999888557
98,0.3,91,26,71.42857142857143,143979.78,153121.88,6.349572141310402,6.927406999921004,4.0873890000057145
98,0.5,91,20,78.02197802197803,143979.78,157300.32,9.251674089236703,6.927406999921004,4.791751000084332
98,0.7,91,11,87.91208791208791,143979.78,178743.09,24.144577801132908,6.927406999921004,3.247994000048493
99,0.0,139,139,0.0,162435.41,162435.41,0.0,9.095177000062904,8.418183999992834
99,0.02,139,78,43.88489208633094,162435.41,162435.41,0.0,9.095177000062904,6.311403999916365
99,0.05,139,62,55.39568345323741,162435.41,162455.14,0.01214636636187299,9.095177000062904,7.134105999966778
99,0.1,139,41,70.50359712230217,162435.41,172447.37,6.163656064893727,9.095177000062904,5.2851519999421726
99,0.2,139,22,84.17266187050359,162435.41,186308.25,14.69682010837415,9.095177000062904,3.756721999934598
99,0.3,139,18,87.05035971223022,162435.41,191994.56,18.197479231899003,9.095177000062904,4.664047999995091
99,0.5,139,15,89.20863309352518,162435.41,200099.98,23.187413384803232,9.095177000062904,4.294462999951065
99,0.7,139,9,93.5251798561151,162435.41,218974.73,34.807262776016636,9.095177000062904,4.191176999938762
