column,min,max,n_missing
total_distance_km,60.22065793861064,401.6556909930122,0
loaded_distance_km,0.0,357.57993088489513,0
empty_distance_km,0.0,330.76164821219294,0
detour_distance_km,0.0,121.09867361799697,0
payload_tonne_km,0.0,3943.845609863885,0
capacity_tonne_km,180.6619738158319,10033.665830104255,0
utilisation_weight_pct,0.0,99.84000000000002,0
utilisation_distance_pct,0.0,100.0,0
driving_time_hr,1.2545970403877216,8.075618149668266,0
service_time_hr,0.0,3.7966666666666655,0
waiting_time_hr,0.0,4.461800310868213,0
duty_time_hr,1.2545970403877216,10.555109381436989,0
fuel_litres,8.61584880768073,140.7357351377646,0
fuel_cost_inr,775.4263926912656,12666.216162398814,0
driver_cost_inr,163.0976152504038,1372.1642195868085,0
toll_cost_inr,96.35305270177702,642.6491055888196,0
variable_cost_inr,1055.0252776827947,14442.28080425482,0
fixed_cost_inr,2500.0,2500.0,0
total_cost_inr,3555.0252776827947,16942.28080425482,0
revenue_inr,0.0,21042.74,0
net_cost_inr,-7674.688246487167,14468.261726815312,0
co2_kg,23.09047480458436,377.1717701692092,0
avg_payload_tonnes,0.0,17.9664,0
n_shipments_matched,0.0,2.0,0
late_deliveries,0.0,0.0,0
lateness_minutes,0.0,0.0,0
instance_id,0.0,99.0,0
truck_capacity_kg,3000.0,25000.0,0
direct_return_km,60.22065793861064,302.0075373346449,0
match_score,-0.5245839019711587,1.881300434408108,181793
solve_time_ms,0.0030539999897882,32.64823800009253,0
