parameter,value,is_base,empty_red_vs_B0_pct,empty_red_vs_B2_pct,net_cost_red_vs_B0_pct,fuel_change_vs_B0_pct,util_gain_pp,served
diesel_price_inr_per_litre,70.0,False,24.77,1.39,22.38,-10.29,6.82,16.2
diesel_price_inr_per_litre,80.0,False,24.79,1.36,20.36,-10.13,6.81,16.1
diesel_price_inr_per_litre,90.0,True,24.84,1.41,18.58,-10.0,6.8,16.0
diesel_price_inr_per_litre,105.0,False,24.87,1.41,16.3,-9.68,6.76,15.78
diesel_price_inr_per_litre,120.0,False,24.72,1.18,14.41,-9.1,6.7,15.38
driver_wage_inr_per_hour,90.0,False,24.82,1.4,19.71,-10.11,6.81,16.08
driver_wage_inr_per_hour,110.0,False,24.82,1.4,19.14,-10.11,6.81,16.08
driver_wage_inr_per_hour,130.0,True,24.84,1.41,18.58,-10.0,6.8,16.0
driver_wage_inr_per_hour,160.0,False,24.87,1.44,17.77,-9.87,6.78,15.9
driver_wage_inr_per_hour,200.0,False,24.87,1.38,16.73,-9.7,6.77,15.75
waiting_cost_multiplier,0.0,False,24.83,1.41,18.88,-10.08,6.82,16.05
waiting_cost_multiplier,0.5,False,24.83,1.43,18.73,-10.08,6.81,16.05
waiting_cost_multiplier,1.0,True,24.84,1.41,18.58,-10.0,6.8,16.0
waiting_cost_multiplier,2.0,False,24.81,1.36,18.31,-9.98,6.79,15.98
waiting_cost_multiplier,3.0,False,24.74,1.28,18.06,-9.96,6.77,15.95
empty_km_penalty_inr_per_km,0.0,False,24.67,1.21,18.59,-9.99,6.82,16.08
empty_km_penalty_inr_per_km,3.0,False,24.77,1.35,18.59,-10.03,6.8,16.05
empty_km_penalty_inr_per_km,6.0,True,24.84,1.41,18.58,-10.0,6.8,16.0
empty_km_penalty_inr_per_km,12.0,False,24.9,1.46,18.57,-9.94,6.79,15.95
empty_km_penalty_inr_per_km,20.0,False,24.97,1.51,18.55,-9.94,6.78,15.9
tariff_inr_per_km,10.0,False,24.69,1.17,10.92,-8.82,6.67,15.2
tariff_inr_per_km,15.0,False,24.82,1.3,14.71,-9.57,6.78,15.68
tariff_inr_per_km,20.0,True,24.84,1.41,18.58,-10.0,6.8,16.0
tariff_inr_per_km,28.0,False,24.75,1.36,24.86,-10.29,6.81,16.2
tariff_inr_per_km,36.0,False,24.7,1.35,31.17,-10.62,6.82,16.35
detour_tolerance,0.15,False,23.09,1.43,17.31,-8.69,6.14,15.55
detour_tolerance,0.25,False,23.43,1.37,17.56,-8.89,6.22,15.68
detour_tolerance,0.35,True,24.84,1.41,18.58,-10.0,6.8,16.0
detour_tolerance,0.5,False,25.98,1.18,19.51,-11.74,7.32,16.75
detour_tolerance,0.7,False,26.49,1.19,19.86,-12.56,7.51,17.08
shipment_density,2.0,False,10.44,0.6,7.48,-4.6,2.87,6.9
shipment_density,4.0,False,17.99,1.22,13.14,-7.68,4.68,12.28
shipment_density,6.0,True,24.84,1.41,18.58,-10.0,6.8,16.0
shipment_density,10.0,False,34.45,1.83,26.67,-11.96,9.36,21.15
shipment_density,15.0,False,43.55,2.34,34.47,-14.21,11.87,25.78
deadline_slack_factor,1.15,False,16.63,0.81,13.02,-7.52,4.96,13.82
deadline_slack_factor,1.4,False,19.68,0.96,15.05,-8.35,5.64,14.5
deadline_slack_factor,1.8,True,24.84,1.41,18.58,-10.0,6.8,16.0
deadline_slack_factor,2.4,False,29.8,1.4,22.5,-11.3,8.2,18.08
deadline_slack_factor,3.2,False,35.5,2.16,27.83,-13.13,10.0,21.55
min_detour_allowance_km,20.0,False,23.93,1.0,17.49,-8.05,6.32,13.85
min_detour_allowance_km,40.0,False,24.26,1.06,17.79,-8.51,6.43,14.52
min_detour_allowance_km,60.0,True,24.84,1.41,18.58,-10.0,6.8,16.0
min_detour_allowance_km,90.0,False,25.61,1.4,19.37,-11.75,7.26,17.0
min_detour_allowance_km,120.0,False,26.73,1.53,20.09,-13.42,7.63,17.5
