metric,comparator,comparator_total,truckly_total,abs_diff_per_day,abs_diff_ci,pct_ratio_of_sums,pct_mean_of_per_instance,pct_estimator_unstable,reaches_60pct_target
Empty-km reduction,B0_empty,4495.3,3383.1,1112.2,"[1051.49, 1175.05]",24.74,24.82,False,False
Fuel reduction,B0_empty,1144.8,1249.2,-104.34,"[-110.08, -98.72]",-9.11,-9.15,False,False
Total-cost reduction,B0_empty,196705.6,211351.8,-14646.13,"[-15340.34, -13959.88]",-7.45,-7.45,False,False
NET-cost reduction,B0_empty,196705.6,160173.2,36532.42,"[34624.61, 38484.10]",18.57,18.59,False,False
Waiting-time reduction,B1_wait_6h,3.0,4.3,-1.22,"[-1.53, -0.90]",-39.86,-138.06,True,False
Empty-km reduction,B2_greedy,3417.7,3383.1,34.58,"[25.28, 44.64]",1.01,1.02,False,False
NET-cost reduction,B2_greedy,163619.8,160173.2,3446.59,"[2982.30, 3921.22]",2.11,2.15,False,False
Weight-utilisation improvement (percentage POINTS),B0_empty,0.0,6.81,6.81,"[6.43, 7.19]",,,False,False
Weight-utilisation improvement (percentage POINTS),B2_greedy,6.34,6.81,0.47,"[0.36, 0.58]",,,False,False
Distance-utilisation improvement (percentage POINTS),B0_empty,0.0,29.56,29.56,"[28.23, 30.91]",,,False,False
