node_id,name,lat,lon,node_role,demand_weight_out,demand_weight_in,region_class,provenance_coords,provenance_weights
CHN,Chennai,13.0827,80.2707,hub,1.0,1.0,source,OBS,ASM
SPB,Sriperumbudur,12.9675,79.943,industrial,0.85,0.55,source,OBS,ASM
ORG,Oragadam,12.81,79.95,industrial,0.8,0.5,source,OBS,ASM
GMD,Gummidipoondi,13.4084,80.1082,industrial,0.55,0.4,source,OBS,ASM
KPM,Kanchipuram,12.8342,79.7036,customer,0.35,0.45,source,OBS,ASM
RNP,Ranipet,12.9249,79.3308,industrial,0.45,0.35,source,OBS,ASM
VLR,Vellore,12.9165,79.1325,customer,0.4,0.5,sink,OBS,ASM
CTR,Chittoor,13.2172,79.1003,customer,0.3,0.35,sink,OBS,ASM
TPT,Tirupati,13.6288,79.4192,customer,0.35,0.45,sink,OBS,ASM
KGI,Krishnagiri,12.5186,78.2137,hub,0.5,0.45,sink,OBS,ASM
HSR,Hosur,12.7409,77.8253,industrial,0.8,0.6,sink,OBS,ASM
BLR,Bengaluru,12.9716,77.5946,hub,0.95,1.0,sink,OBS,ASM
BID,Bidadi,12.7942,77.3854,industrial,0.6,0.4,sink,OBS,ASM
NLM,Nelamangala,13.0996,77.3936,industrial,0.55,0.4,sink,OBS,ASM
TUM,Tumakuru,13.3379,77.1173,customer,0.35,0.35,sink,OBS,ASM
MYS,Mysuru,12.2958,76.6394,customer,0.4,0.45,sink,OBS,ASM
DPI,Dharmapuri,12.1211,78.1583,customer,0.25,0.3,sink,OBS,ASM
SLM,Salem,11.6643,78.146,hub,0.6,0.6,sink,OBS,ASM
NMK,Namakkal,11.2189,78.1674,customer,0.3,0.3,sink,OBS,ASM
ERD,Erode,11.341,77.7172,customer,0.45,0.4,sink,OBS,ASM
TRP,Tiruppur,11.1085,77.3411,industrial,0.7,0.45,sink,OBS,ASM
CBE,Coimbatore,11.0168,76.9558,hub,0.75,0.75,sink,OBS,ASM
KRR,Karur,10.9601,78.0766,customer,0.3,0.3,sink,OBS,ASM
TRY,Tiruchirappalli,10.7905,78.7047,hub,0.5,0.55,sink,OBS,ASM
TNJ,Thanjavur,10.787,79.1378,customer,0.25,0.3,sink,OBS,ASM
DGL,Dindigul,10.3624,77.9695,customer,0.25,0.3,sink,OBS,ASM
MDU,Madurai,9.9252,78.1198,hub,0.5,0.6,sink,OBS,ASM
TTN,Thoothukudi,8.7642,78.1348,port,0.55,0.35,source,OBS,ASM
NGC,Nagercoil,8.1833,77.4119,customer,0.2,0.25,sink,OBS,ASM
KCH,Kochi,9.9312,76.2673,port,0.6,0.55,source,OBS,ASM
PDY,Puducherry,11.9416,79.8083,customer,0.3,0.35,source,OBS,ASM
CDL,Cuddalore,11.748,79.7714,industrial,0.35,0.3,source,OBS,ASM
NLR,Nellore,14.4426,79.9865,customer,0.3,0.3,sink,OBS,ASM
ONG,Ongole,15.5057,80.0499,customer,0.25,0.25,sink,OBS,ASM
GNT,Guntur,16.3067,80.4365,customer,0.35,0.35,source,OBS,ASM
VJA,Vijayawada,16.5062,80.648,hub,0.5,0.5,source,OBS,ASM
ATP,Anantapur,14.6819,77.6006,customer,0.25,0.25,sink,OBS,ASM
KNL,Kurnool,15.8281,78.0373,customer,0.3,0.3,sink,OBS,ASM
HBL,Hubballi,15.3647,75.124,hub,0.4,0.4,sink,OBS,ASM
MLR,Mangaluru,12.9141,74.856,port,0.45,0.35,source,OBS,ASM
